{
    "kruskal": 0.13683868195622786,
    "mannwhitneyu": 0.11840178261439567,
    "boruta": "feature selection is empty"
}