{
    "1_feature": 0.8613671274961596,
    "5_feature": 0.8277777777777777
}