{
    "1_feature": 0.8550435227854581,
    "5_feature": 0.8453149001536098
}