{
    "mannwhitneyu": 0.20269249323708233,
    "boruta": 0.13912619427811435,
    "mrmr": 0.16865967415988373
}