{
    "1_feature": 0.7813364055299539,
    "5_feature": 0.8627752176139273
}