{
    "1_feature": 0.8756272401433691,
    "5_feature": 0.8485151049667177
}