{
    "kruskal": 0.17243107954748677,
    "mannwhitneyu": 0.19016598454698586,
    "boruta": 0.1215215581875023,
    "mrmr": 0.14752737730941365
}