{
    "boruta": {
        "internal": 0.14020470403442722,
        "external": 0.12478223151639697
    },
    "mannwhitneyu": {
        "internal": 0.21017233455408246,
        "external": 0.16245741039309852
    },
    "mine": {
        "internal": 0.21538065158857234,
        "external": 0.17353292526751019
    },
    "mrmr": {
        "internal": 0.16488654719236345,
        "external": 0.1296266685667408
    }
}