{
    "spearman": {
        "internal": 0.10358684464048014,
        "external": 0.09547269861289438
    }
}
