{
    "mannwhitneyu": {
        "internal": 0.18189451234908433,
        "external": 0.17710457777224536
    },
    "boruta": {
        "internal": 0.2125025691792609,
        "external": 0.15419802371331198
    }
}