{
    "mannwhitneyu": {
        "internal": 0.18189451234908433,
        "external": 0.17710457777224536
    },
    "boruta": {
        "internal": 0.2125025691792609,
        "external": 0.15419802371331198
    },
    "mine": {
        "internal": 0.19192869059139517,
        "external": 0.13538550320675452
    }
}